posicao,nome,time,partidas,gols,ano
1.0,THIERRY HENRY,ARSENAL,37,30,2003
2.0,ALAN SHEARER,NEWCASTLE UNITED,36,22,2003
3.0,LOUIS SAHA,MANCHESTER UNITED,32,20,2003
3.0,RUUD VAN NISTELROOY,MANCHESTER UNITED,31,20,2003
5.0,NICOLAS ANELKA,MANCHESTER CITY,32,17,2003
5.0,MIKAEL FORSSELL,BIRMINGHAM CITY,32,17,2003
7.0,YAKUBU AIYEGBENI,PORTSMOUTH,36,16,2003
7.0,JUAN PABLO ANGEL,ASTON VILLA,33,16,2003
7.0,MICHAEL OWEN,LIVERPOOL,29,16,2003
10.0,JAMES BEATTIE,SOUTHAMPTON,37,14,2003
10.0,ROBERT PIRES,ARSENAL,36,14,2003
10.0,ROBBIE KEANE,TOTTENHAM HOTSPUR,34,14,2003
13.0,MARK VIDUKA,LEEDS UNITED,29,13,2003
13.0,KEVIN PHILLIPS,SOUTHAMPTON,34,13,2003
13.0,JIMMY FLOYD HASSELBAINK,CHELSEA,29,13,2003
16.0,LES FERDINAND, - ,29,12,2003
17.0,PAUL DICKOV, - ,35,11,2003
17.0,ANDREW COLE,BLACKBURN ROVERS,34,11,2003
19.0,FRANK LAMPARD,CHELSEA,37,10,2003
19.0,JASON EUELL,CHARLTON ATHLETIC,31,10,2003
19.0,HERNÁN CRESPO,CHELSEA,19,10,2003
22.0,SZILARD NEMETH,MIDDLESBROUGH,32,9,2003
22.0,PAUL SCHOLES,MANCHESTER UNITED,27,9,2003
22.0,YOURI DJORKAEFF,BOLTON WANDERERS,27,9,2003
22.0,TEDDY SHERINGHAM, - ,31,9,2003
22.0,DARIUS VASSELL,ASTON VILLA,32,9,2003
22.0,ALAN SMITH,MANCHESTER UNITED,34,9,2003
22.0,LUIS BOA MORTE,FULHAM,33,9,2003
22.0,WAYNE ROONEY,EVERTON,34,9,2003
22.0,KEVIN NOLAN,BOLTON WANDERERS,37,9,2003
22.0,KEVIN DAVIES,BOLTON WANDERERS,38,9,2003
22.0,MARCUS BENT,EVERTON,33,9,2003
33.0,TOMASZ RADZINSKI,EVERTON,34,8,2003
33.0,JUNINHO PAULISTA,MIDDLESBROUGH,31,8,2003
35.0,JERMAIN DEFOE,TOTTENHAM HOTSPUR,15,7,2003
35.0,SHOLA AMEOBI,NEWCASTLE UNITED,25,7,2003
35.0,FREDERIC KANOUTÉ,TOTTENHAM HOTSPUR,27,7,2003
35.0,HENRI CAMARA,WOLVERHAMPTON WANDERERS,29,7,2003
35.0,ROBBIE FOWLER,MANCHESTER CITY,31,7,2003
35.0,HENRIK PEDERSEN,BOLTON WANDERERS,33,7,2003
35.0,SHAUN WRIGHT-PHILLIPS,MANCHESTER CITY,34,7,2003
35.0,EMILE HESKEY,BIRMINGHAM CITY,34,7,2003
35.0,HARRY KEWELL,LIVERPOOL,36,7,2003
35.0,RYAN GIGGS,MANCHESTER UNITED,33,7,2003
45.0,EIDUR GUDJOHNSEN,CHELSEA,25,6,2003
45.0,MATTHEW HOLLAND,CHARLTON ATHLETIC,38,6,2003
45.0,STEED MALBRANQUE,FULHAM,37,6,2003
45.0,LAURENT ROBERT,NEWCASTLE UNITED,34,6,2003
45.0,ADRIAN MUTU,CHELSEA,25,6,2003
45.0,JOSEPH DESIRE JOB,MIDDLESBROUGH,24,6,2003
1.0,THIERRY HENRY,ARSENAL,32,25,2004
2.0,ANDREW JOHNSON,CRYSTAL PALACE,37,21,2004
3.0,ROBERT PIRES,ARSENAL,33,14,2004
4.0,FRANK LAMPARD,CHELSEA,38,13,2004
4.0,JIMMY FLOYD HASSELBAINK,MIDDLESBROUGH,36,13,2004
4.0,JERMAIN DEFOE,TOTTENHAM HOTSPUR,35,13,2004
4.0,YAKUBU AIYEGBENI,MIDDLESBROUGH,30,13,2004
8.0,ANDREW COLE,MANCHESTER CITY,31,12,2004
8.0,PETER CROUCH,LIVERPOOL,27,12,2004
8.0,EIDUR GUDJOHNSEN,CHELSEA,37,12,2004
8.0,ROBBIE KEANE,TOTTENHAM HOTSPUR,35,12,2004
12.0,TIM CAHILL,EVERTON,33,11,2004
12.0,ROBERT EARNSHAW,WEST BROMWICH ALBION,31,11,2004
12.0,WAYNE ROONEY,MANCHESTER UNITED,29,11,2004
15.0,EMILE HESKEY,BIRMINGHAM CITY,34,10,2004
15.0,SHAUN WRIGHT-PHILLIPS,CHELSEA,34,10,2004
15.0,ROBBIE FOWLER,MANCHESTER CITY,31,10,2004
15.0,KEVIN PHILLIPS,ASTON VILLA,30,10,2004
15.0,DIDIER DROGBA,CHELSEA,26,10,2004
15.0,FREDDIE LJUNGBERG,ARSENAL,26,10,2004
21.0,EL-HADJI DIOUF,BOLTON WANDERERS,27,9,2004
21.0,PAUL DICKOV,BLACKBURN ROVERS,29,9,2004
21.0,MILAN BAROS,LIVERPOOL,26,9,2004
21.0,PAUL SCHOLES,MANCHESTER UNITED,33,9,2004
21.0,JOSÉ ANTONIO REYES,ARSENAL,30,9,2004
26.0, NOLBERTO SOLANO,ASTON VILLA,36,8,2004
26.0,KEVIN DAVIES,BOLTON WANDERERS,35,8,2004
26.0,LUIS BOA MORTE,FULHAM,31,8,2004
26.0,LUIS GARCIA,LIVERPOOL,29,8,2004
26.0,DENNIS BERGKAMP,ARSENAL,29,8,2004
26.0,JOE COLE,CHELSEA,28,8,2004
32.0,DEAN ASHTON,NORWICH CITY,16,7,2004
32.0,ARJEN ROBBEN,CHELSEA,18,7,2004
32.0,NICOLAS ANELKA, - ,19,7,2004
32.0,CRAIG BELLAMY,BLACKBURN ROVERS,21,7,2004
32.0,ALAN SHEARER,NEWCASTLE UNITED,28,7,2004
32.0,STEVEN GERRARD,LIVERPOOL,30,7,2004
32.0,DAMIEN FRANCIS,NORWICH CITY,32,7,2004
32.0,GARETH BARRY,ASTON VILLA,34,7,2004
32.0,STELIOS GIANNAKOPOULOS,BOLTON WANDERERS,34,7,2004
32.0,JUAN PABLO ANGEL,ASTON VILLA,35,7,2004
32.0,LEON MCKENZIE,NORWICH CITY,37,7,2004
32.0,FREDERIC KANOUTÉ,TOTTENHAM HOTSPUR,32,7,2004
44.0,DUNCAN FERGUSON,EVERTON,35,6,2004
44.0,ZOLTAN GERA,WEST BROMWICH ALBION,38,6,2004
44.0,JOHN ARNE RIISE,LIVERPOOL,37,6,2004
44.0,MARCUS BENT,EVERTON,37,6,2004
44.0,DARREN HUCKERBY,NORWICH CITY,37,6,2004
44.0,TOMASZ RADZINSKI,FULHAM,35,6,2004
44.0,RYAN GIGGS,MANCHESTER UNITED,32,6,2004
1.0,THIERRY HENRY,ARSENAL,32,27,2005
2.0,RUUD VAN NISTELROOY, - ,35,21,2005
3.0,DARREN BENT,CHARLTON ATHLETIC,36,18,2005
4.0,WAYNE ROONEY,MANCHESTER UNITED,36,16,2005
4.0,ROBBIE KEANE,TOTTENHAM HOTSPUR,36,16,2005
4.0,FRANK LAMPARD,CHELSEA,35,16,2005
7.0,MARLON HAREWOOD,WEST HAM UNITED,37,14,2005
8.0,YAKUBU AIYEGBENI,MIDDLESBROUGH,34,13,2005
8.0,CRAIG BELLAMY,LIVERPOOL,27,13,2005
10.0,HENRI CAMARA,WIGAN ATHLETIC,29,12,2005
10.0,DIDIER DROGBA,CHELSEA,29,12,2005
12.0,COLLINS JOHN,FULHAM,35,11,2005
12.0,AHMED HOSSAM MIDO, - ,27,11,2005
14.0,ALAN SHEARER, - ,32,10,2005
14.0,STEVEN GERRARD,LIVERPOOL,32,10,2005
14.0,JAMES BEATTIE,EVERTON,32,10,2005
14.0,HERNÁN CRESPO,CHELSEA,30,10,2005
14.0,JIMMY FLOYD HASSELBAINK,CHARLTON ATHLETIC,22,10,2005
19.0,CRISTIANO RONALDO,MANCHESTER UNITED,33,9,2005
19.0,ANDREW COLE,MANCHESTER CITY,22,9,2005
19.0,SHOLA AMEOBI,NEWCASTLE UNITED,30,9,2005
19.0,MORTEN GAMST PEDERSEN,BLACKBURN ROVERS,34,9,2005
19.0,DJIBRIL CISSÉ, - ,33,9,2005
19.0,KEVIN NOLAN,BOLTON WANDERERS,36,9,2005
19.0,JERMAIN DEFOE,TOTTENHAM HOTSPUR,36,9,2005
19.0,BRIAN MCBRIDE,FULHAM,38,9,2005
19.0,STELIOS GIANNAKOPOULOS,BOLTON WANDERERS,34,9,2005
28.0,DARIUS VASSELL,MANCHESTER CITY,36,8,2005
28.0,JOE COLE,CHELSEA,34,8,2005
28.0,JASON ROBERTS,BLACKBURN ROVERS,34,8,2005
28.0,LUKE MOORE,ASTON VILLA,27,8,2005
28.0,MILAN BAROS,ASTON VILLA,27,8,2005
28.0,HEIDAR HELGUSON,FULHAM,27,8,2005
34.0,MICHAEL OWEN,NEWCASTLE UNITED,11,7,2005
34.0,LOUIS SAHA,MANCHESTER UNITED,19,7,2005
34.0,LOMANA TRESOR LUALUA,PORTSMOUTH,25,7,2005
34.0,MARK VIDUKA,MIDDLESBROUGH,27,7,2005
34.0,LUIS GARCIA,LIVERPOOL,31,7,2005
34.0,ROBERT PIRES, - ,33,7,2005
34.0,KEVIN DAVIES,BOLTON WANDERERS,37,7,2005
34.0,SHEFKI KUQI,BLACKBURN ROVERS,33,7,2005
42.0,PETER CROUCH,LIVERPOOL,32,6,2005
42.0,GARY O'NEIL,PORTSMOUTH,36,6,2005
42.0,LUIS BOA MORTE,FULHAM,35,6,2005
42.0,STEED MALBRANQUE,FULHAM,34,6,2005
42.0,MATTHEW TAYLOR,PORTSMOUTH,34,6,2005
42.0,BOBBY ZAMORA,WEST HAM UNITED,34,6,2005
42.0,JERMAINE JENAS,TOTTENHAM HOTSPUR,34,6,2005
42.0, NOLBERTO SOLANO,NEWCASTLE UNITED,32,6,2005
42.0,TIM CAHILL,EVERTON,32,6,2005
1.0,DIDIER DROGBA,CHELSEA,108,60,2006
2.0,BENEDICT MCCARTHY,BLACKBURN ROVERS,108,54,2006
3.0,CRISTIANO RONALDO,MANCHESTER UNITED,102,51,2006
4.0,WAYNE ROONEY,MANCHESTER UNITED,105,42,2006
4.0,MARK VIDUKA,NEWCASTLE UNITED,87,42,2006
6.0,KEVIN DOYLE,READING,96,39,2006
6.0,DARREN BENT,TOTTENHAM HOTSPUR,96,39,2006
8.0,YAKUBU AIYEGBENI,MIDDLESBROUGH,111,36,2006
8.0,DIRK KUYT,LIVERPOOL,102,36,2006
8.0,DIMITAR BERBATOV,TOTTENHAM HOTSPUR,99,36,2006
11.0,ROBIN VAN PERSIE,ARSENAL,66,33,2006
11.0,ROBBIE KEANE,TOTTENHAM HOTSPUR,81,33,2006
11.0,ANDREW JOHNSON,EVERTON,96,33,2006
11.0,NICOLAS ANELKA,BOLTON WANDERERS,105,33,2006
11.0,OBAFEMI MARTINS,NEWCASTLE UNITED,99,33,2006
11.0,FRANK LAMPARD,CHELSEA,111,33,2006
11.0,BOBBY ZAMORA,WEST HAM UNITED,96,33,2006
18.0,KANU,PORTSMOUTH,108,30,2006
18.0,GILBERTO SILVA,ARSENAL,102,30,2006
18.0,JERMAIN DEFOE,TOTTENHAM HOTSPUR,102,30,2006
18.0,THIERRY HENRY, - ,51,30,2006
22.0,PETER CROUCH,LIVERPOOL,96,27,2006
22.0,MIKEL ARTETA,EVERTON,105,27,2006
22.0,EMILE HESKEY,WIGAN ATHLETIC,102,27,2006
22.0,GABRIEL AGBONLAHOR,ASTON VILLA,114,27,2006
22.0,BRIAN MCBRIDE,FULHAM,114,27,2006
27.0,GARY SPEED,BOLTON WANDERERS,114,24,2006
27.0,GARETH BARRY,ASTON VILLA,105,24,2006
27.0,MATTHEW TAYLOR,PORTSMOUTH,105,24,2006
27.0,KEVIN DAVIES,BOLTON WANDERERS,90,24,2006
27.0,ROBERT HULSE,SHEFFIELD UNITED,87,24,2006
27.0,EMMANUEL ADEBAYOR,ARSENAL,87,24,2006
27.0,LOUIS SAHA,MANCHESTER UNITED,72,24,2006
34.0,CRAIG BELLAMY,WEST HAM UNITED,81,21,2006
34.0,OLE GUNNAR SOLSKJAER,MANCHESTER UNITED,57,21,2006
34.0,SHABANI NONDA, - ,78,21,2006
34.0,CARLOS TEVEZ,WEST HAM UNITED,78,21,2006
34.0,SALOMON KALOU,CHELSEA,99,21,2006
34.0,LEROY LITA,READING,99,21,2006
34.0,STEVEN GERRARD,LIVERPOOL,108,21,2006
41.0,MORTEN GAMST PEDERSEN,BLACKBURN ROVERS,108,18,2006
41.0,JOEY BARTON,NEWCASTLE UNITED,99,18,2006
41.0,BENJANI MWARUWARI,PORTSMOUTH,93,18,2006
41.0,PAUL SCHOLES,MANCHESTER UNITED,90,18,2006
41.0,JERMAINE JENAS,TOTTENHAM HOTSPUR,75,18,2006
41.0,HENRI CAMARA,WIGAN ATHLETIC,69,18,2006
47.0,EL-HADJI DIOUF,BOLTON WANDERERS,99,15,2006
47.0,HAMEUR BOUAZZA,WATFORD,96,15,2006
47.0,ASHLEY YOUNG,ASTON VILLA,99,15,2006
47.0,CARLOS BOCANEGRA,FULHAM,90,15,2006
1.0,CRISTIANO RONALDO,MANCHESTER UNITED,34,31,2007
2.0,EMMANUEL ADEBAYOR,ARSENAL,36,24,2007
2.0,FERNANDO TORRES,LIVERPOOL,33,24,2007
4.0,ROQUE SANTA CRUZ,BLACKBURN ROVERS,37,19,2007
5.0,BENJANI MWARUWARI,MANCHESTER CITY,36,15,2007
5.0,DIMITAR BERBATOV,TOTTENHAM HOTSPUR,36,15,2007
5.0,ROBBIE KEANE,TOTTENHAM HOTSPUR,36,15,2007
5.0,YAKUBU AIYEGBENI,EVERTON,31,15,2007
9.0,CARLOS TEVEZ,MANCHESTER UNITED,34,14,2007
10.0,JOHN CAREW,ASTON VILLA,32,13,2007
11.0,JERMAIN DEFOE,PORTSMOUTH,31,12,2007
11.0,WAYNE ROONEY,MANCHESTER UNITED,27,12,2007
13.0,MICHAEL OWEN,NEWCASTLE UNITED,29,11,2007
13.0,NICOLAS ANELKA,CHELSEA,32,11,2007
13.0,GABRIEL AGBONLAHOR,ASTON VILLA,37,11,2007
13.0,STEVEN GERRARD,LIVERPOOL,34,11,2007
17.0,DAVE KITSON,READING,34,10,2007
17.0,DEAN ASHTON,WEST HAM UNITED,31,10,2007
17.0,FRANK LAMPARD,CHELSEA,25,10,2007
20.0,STEWART DOWNING,MIDDLESBROUGH,38,9,2007
20.0,GARETH BARRY,ASTON VILLA,37,9,2007
20.0,OBAFEMI MARTINS,NEWCASTLE UNITED,31,9,2007
20.0,MIKAEL FORSSELL,BIRMINGHAM CITY,30,9,2007
24.0,BENEDICT MCCARTHY,BLACKBURN ROVERS,31,8,2007
24.0,DIDIER DROGBA,CHELSEA,19,8,2007
24.0,TUNCAY SANLI,MIDDLESBROUGH,34,8,2007
24.0,ASHLEY YOUNG,ASTON VILLA,37,8,2007
24.0,JOLEON LESCOTT,EVERTON,38,8,2007
24.0,ELANO,MANCHESTER CITY,34,8,2007
30.0,ROBIN VAN PERSIE,ARSENAL,15,7,2007
30.0,CAMERON JEROME,BIRMINGHAM CITY,33,7,2007
30.0,KENWYNE JONES,SUNDERLAND,33,7,2007
30.0,JOE COLE,CHELSEA,33,7,2007
30.0,CESC FÀBREGAS,ARSENAL,32,7,2007
30.0,MARCUS BENT,WIGAN ATHLETIC,31,7,2007
30.0,SALOMON KALOU,CHELSEA,30,7,2007
30.0,MARK VIDUKA,NEWCASTLE UNITED,26,7,2007
30.0,MICHAEL BALLACK,CHELSEA,18,7,2007
30.0,TIM CAHILL,EVERTON,18,7,2007
40.0,DARREN BENT,TOTTENHAM HOTSPUR,28,6,2007
40.0,ANDREW JOHNSON,EVERTON,29,6,2007
40.0,MICHAEL CHOPRA,SUNDERLAND,33,6,2007
40.0,SEBASTIAN LARSSON,BIRMINGHAM CITY,35,6,2007
40.0,MICHAEL ESSIEN,CHELSEA,27,6,2007
40.0,CLINT DEMPSEY,FULHAM,36,6,2007
40.0,DAVID BENTLEY,BLACKBURN ROVERS,37,6,2007
40.0,JAMES HARPER,READING,38,6,2007
40.0,MARTIN LAURSEN,ASTON VILLA,38,6,2007
40.0,KEVIN DOYLE,READING,36,6,2007
40.0,DARIUS VASSELL,MANCHESTER CITY,27,6,2007
1.0,NICOLAS ANELKA,CHELSEA,37,19,2008
2.0,CRISTIANO RONALDO, - ,33,18,2008
3.0,STEVEN GERRARD,LIVERPOOL,31,16,2008
4.0,ROBINHO,MANCHESTER CITY,31,14,2008
4.0,FERNANDO TORRES,LIVERPOOL,24,14,2008
6.0,DIRK KUYT,LIVERPOOL,38,12,2008
6.0,KEVIN DAVIES,BOLTON WANDERERS,38,12,2008
6.0,FRANK LAMPARD,CHELSEA,37,12,2008
6.0,GABRIEL AGBONLAHOR,ASTON VILLA,36,12,2008
6.0,DARREN BENT,TOTTENHAM HOTSPUR,33,12,2008
6.0,WAYNE ROONEY,MANCHESTER UNITED,30,12,2008
12.0,JOHN CAREW,ASTON VILLA,27,11,2008
12.0,ROBIN VAN PERSIE,ARSENAL,28,11,2008
12.0,RICARDO FULLER,STOKE CITY,34,11,2008
12.0,PETER CROUCH,PORTSMOUTH,38,11,2008
16.0,DJIBRIL CISSÉ, - ,35,10,2008
16.0,MATTHEW TAYLOR,BOLTON WANDERERS,34,10,2008
16.0,ROBBIE KEANE,TOTTENHAM HOTSPUR,33,10,2008
16.0,AMR ZAKI, - ,29,10,2008
16.0,KENWYNE JONES,SUNDERLAND,29,10,2008
16.0,BENEDICT MCCARTHY,BLACKBURN ROVERS,28,10,2008
16.0,CARLTON COLE,WEST HAM UNITED,27,10,2008
16.0,JERMAIN DEFOE,TOTTENHAM HOTSPUR,27,10,2008
16.0,EMMANUEL ADEBAYOR,MANCHESTER CITY,26,10,2008
25.0,NICKLAS BENDTNER,ARSENAL,31,9,2008
25.0,STEPHEN IRELAND,MANCHESTER CITY,35,9,2008
25.0,DIMITAR BERBATOV,MANCHESTER UNITED,32,9,2008
28.0,MARCIO GEOVANNI,HULL CITY,34,8,2008
28.0,CHRIS BRUNT,WEST BROMWICH ALBION,34,8,2008
28.0,YOSSI BENAYOUN,LIVERPOOL,32,8,2008
28.0,MAROUANE FELLAINI,EVERTON,30,8,2008
28.0,TIM CAHILL,EVERTON,30,8,2008
28.0,MICHAEL OWEN,MANCHESTER UNITED,28,8,2008
28.0,OBAFEMI MARTINS,NEWCASTLE UNITED,24,8,2008
28.0,CRAIG BELLAMY,MANCHESTER CITY,24,8,2008
36.0,TUNCAY SANLI,MIDDLESBROUGH,33,7,2008
36.0,JAMES BEATTIE,STOKE CITY,16,7,2008
36.0,JASON ROBERTS,BLACKBURN ROVERS,26,7,2008
36.0,ANDREW JOHNSON,FULHAM,31,7,2008
36.0,ASHLEY YOUNG,ASTON VILLA,36,7,2008
36.0,CLINT DEMPSEY,FULHAM,35,7,2008
36.0,MARLON KING,WIGAN ATHLETIC,33,7,2008
43.0,SALOMON KALOU,CHELSEA,27,6,2008
43.0,AHMED HOSSAM MIDO,MIDDLESBROUGH,26,6,2008
43.0,ELANO,MANCHESTER CITY,28,6,2008
43.0,ROMAN BEDNAR,WEST BROMWICH ALBION,25,6,2008
43.0,FLORENT MALOUDA,CHELSEA,31,6,2008
43.0,LEON OSMAN,EVERTON,34,6,2008
43.0,SAMIR NASRI,ARSENAL,29,6,2008
43.0,LOUIS SAHA,EVERTON,24,6,2008
1.0,DIDIER DROGBA,CHELSEA,32,29,2009
2.0,WAYNE ROONEY,MANCHESTER UNITED,32,26,2009
3.0,DARREN BENT,ASTON VILLA,38,24,2009
4.0,CARLOS TEVEZ,MANCHESTER CITY,35,23,2009
5.0,FRANK LAMPARD,CHELSEA,36,22,2009
6.0,JERMAIN DEFOE,TOTTENHAM HOTSPUR,34,18,2009
6.0,FERNANDO TORRES,CHELSEA,22,18,2009
8.0,CESC FÀBREGAS, - ,27,15,2009
9.0,EMMANUEL ADEBAYOR,TOTTENHAM HOTSPUR,26,14,2009
10.0,LOUIS SAHA,EVERTON,33,13,2009
10.0,GABRIEL AGBONLAHOR,ASTON VILLA,36,13,2009
12.0,DIMITAR BERBATOV,MANCHESTER UNITED,33,12,2009
12.0,FLORENT MALOUDA,CHELSEA,33,12,2009
14.0,NICOLAS ANELKA,CHELSEA,33,11,2009
14.0,CAMERON JEROME,STOKE CITY,32,11,2009
16.0,HUGO RODALLEGA,WIGAN ATHLETIC,38,10,2009
16.0,JOHN CAREW,WEST HAM UNITED,33,10,2009
16.0,CRAIG BELLAMY,LIVERPOOL,32,10,2009
16.0,ANDREY ARSHAVIN,ARSENAL,30,10,2009
16.0,CARLTON COLE,WEST HAM UNITED,30,10,2009
21.0,ROBIN VAN PERSIE,ARSENAL,16,9,2009
21.0,KENWYNE JONES,STOKE CITY,32,9,2009
21.0,DAVID DUNN,BLACKBURN ROVERS,23,9,2009
21.0,KEVIN DOYLE,WOLVERHAMPTON WANDERERS,34,9,2009
21.0,DIRK KUYT,LIVERPOOL,37,9,2009
21.0,STEVEN GERRARD,LIVERPOOL,33,9,2009
27.0,PETER CROUCH,STOKE CITY,38,8,2009
27.0,MATTHEW TAYLOR,WEST HAM UNITED,37,8,2009
27.0,STEVEN FLETCHER,WOLVERHAMPTON WANDERERS,35,8,2009
27.0,TIM CAHILL,EVERTON,33,8,2009
27.0,IVAN KLASNIC,BOLTON WANDERERS,27,8,2009
27.0,BOBBY ZAMORA,FULHAM,27,8,2009
27.0,ARUNA DINDANE, - ,19,8,2009
34.0,ALESSANDRO DIAMANTI, - ,27,7,2009
34.0,CLINT DEMPSEY,FULHAM,29,7,2009
34.0,GRAHAM ALEXANDER, - ,33,7,2009
34.0,JAMES MILNER,MANCHESTER CITY,36,7,2009
34.0,KEVIN DAVIES,BOLTON WANDERERS,37,7,2009
34.0,THOMAS VERMAELEN,ARSENAL,33,7,2009
40.0,MIKEL ARTETA,ARSENAL,13,6,2009
40.0,DAVID NUGENT, - ,33,6,2009
40.0,DAMIEN DUFF,FULHAM,32,6,2009
40.0,YOSSI BENAYOUN,ARSENAL,30,6,2009
40.0,ABOU DIABY,ARSENAL,29,6,2009
40.0,NIKO KRANJCAR,TOTTENHAM HOTSPUR,28,6,2009
40.0,STEPHEN HUNT,WOLVERHAMPTON WANDERERS,27,6,2009
40.0,NICKLAS BENDTNER,SUNDERLAND,23,6,2009
40.0,DINIYAR BILYALETDINOV,EVERTON,23,6,2009
40.0,ROBBIE KEANE, - ,20,6,2009
50.0,ASHLEY YOUNG,MANCHESTER UNITED,37,5,2009
1.0,DIMITAR BERBATOV,MANCHESTER UNITED,32,20,2010
1.0,CARLOS TEVEZ,MANCHESTER CITY,31,20,2010
3.0,ROBIN VAN PERSIE,ARSENAL,25,18,2010
4.0,DARREN BENT,ASTON VILLA,36,17,2010
5.0,PETER ODEMWINGIE,WEST BROMWICH ALBION,32,15,2010
6.0,FLORENT MALOUDA,CHELSEA,38,13,2010
6.0,DIRK KUYT,LIVERPOOL,33,13,2010
6.0,DJ CAMPBELL,BLACKPOOL,31,13,2010
6.0,RAFAEL VAN DER VAART,TOTTENHAM HOTSPUR,28,13,2010
6.0,JAVIER HERNÁNDEZ,MANCHESTER UNITED,27,13,2010
6.0,ANDY CARROLL,LIVERPOOL,26,13,2010
12.0,CHARLIE ADAM,BLACKPOOL,35,12,2010
12.0,KEVIN NOLAN,NEWCASTLE UNITED,30,12,2010
12.0,CLINT DEMPSEY,FULHAM,37,12,2010
15.0,DIDIER DROGBA,CHELSEA,36,11,2010
15.0,WAYNE ROONEY,MANCHESTER UNITED,28,11,2010
17.0,FERNANDO TORRES,CHELSEA,37,10,2010
17.0,JOHAN ELMANDER,BOLTON WANDERERS,37,10,2010
17.0,ASAMOAH GYAN,SUNDERLAND,31,10,2010
17.0,SALOMON KALOU,CHELSEA,31,10,2010
17.0,SAMIR NASRI,ARSENAL,30,10,2010
17.0,STEVEN FLETCHER,WOLVERHAMPTON WANDERERS,29,10,2010
17.0,MAXI RODRÍGUEZ,LIVERPOOL,28,10,2010
17.0,FRANK LAMPARD,CHELSEA,24,10,2010
25.0,THEO WALCOTT,ARSENAL,28,9,2010
25.0,TIM CAHILL,EVERTON,27,9,2010
25.0,ROMAN PAVLYUCHENKO,TOTTENHAM HOTSPUR,29,9,2010
25.0,HUGO RODALLEGA,WIGAN ATHLETIC,36,9,2010
25.0,KENWYNE JONES,STOKE CITY,34,9,2010
25.0,CHARLES N'ZOGBIA,WIGAN ATHLETIC,34,9,2010
25.0,NANI,MANCHESTER UNITED,33,9,2010
32.0,KEVIN DAVIES,BOLTON WANDERERS,38,8,2010
32.0,YAYA TOURÉ,MANCHESTER CITY,35,8,2010
32.0,JERMAINE BECKFORD,EVERTON,32,8,2010
32.0,CRAIG GARDNER,BIRMINGHAM CITY,29,8,2010
32.0,DANIEL STURRIDGE,CHELSEA,25,8,2010
37.0,DEMBA BA,WEST HAM UNITED,12,7,2010
37.0,LOUIS SAHA,EVERTON,22,7,2010
37.0,MAROUANE CHAMAKH,ARSENAL,29,7,2010
37.0,SYLVAN EBANKS-BLAKE,WOLVERHAMPTON WANDERERS,30,7,2010
37.0,ASHLEY YOUNG,ASTON VILLA,34,7,2010
37.0,YOUSSOUF MULUMBU,WEST BROMWICH ALBION,34,7,2010
37.0,STEWART DOWNING,ASTON VILLA,38,7,2010
37.0,GARETH BALE,TOTTENHAM HOTSPUR,30,7,2010
45.0,FRÉDÉRIC PIQUIONNE,WEST HAM UNITED,34,6,2010
45.0,ANDREY ARSHAVIN,ARSENAL,37,6,2010
45.0,BREDE HANGELAND,FULHAM,37,6,2010
45.0,JONATHAN WALTERS,STOKE CITY,36,6,2010
45.0,ROBERT HUTH,STOKE CITY,35,6,2010
45.0,NICOLAS ANELKA,CHELSEA,32,6,2010
1.0,ROBIN VAN PERSIE,ARSENAL,38,30,2011
2.0,WAYNE ROONEY,MANCHESTER UNITED,34,27,2011
3.0,SERGIO AGÜERO,MANCHESTER CITY,34,23,2011
4.0,CLINT DEMPSEY,FULHAM,37,17,2011
4.0,EMMANUEL ADEBAYOR,TOTTENHAM HOTSPUR,33,17,2011
4.0,YAKUBU AIYEGBENI,BLACKBURN ROVERS,30,17,2011
7.0,DEMBA BA,NEWCASTLE UNITED,34,16,2011
8.0,GRANT HOLT,NORWICH CITY,36,15,2011
9.0,EDIN DZEKO,MANCHESTER CITY,30,14,2011
10.0,MARIO BALOTELLI,MANCHESTER CITY,23,13,2011
10.0,PAPISS CISSÉ,NEWCASTLE UNITED,14,13,2011
12.0,STEVEN FLETCHER,WOLVERHAMPTON WANDERERS,32,12,2011
12.0,DANNY GRAHAM,SWANSEA CITY,36,12,2011
14.0,RAFAEL VAN DER VAART,TOTTENHAM HOTSPUR,33,11,2011
14.0,LUIS SUÁREZ,LIVERPOOL,31,11,2011
14.0,DANIEL STURRIDGE,CHELSEA,30,11,2011
14.0,FRANK LAMPARD,CHELSEA,30,11,2011
14.0,JERMAIN DEFOE,TOTTENHAM HOTSPUR,25,11,2011
19.0,PETER CROUCH,STOKE CITY,33,10,2011
19.0,PETER ODEMWINGIE,WEST BROMWICH ALBION,30,10,2011
19.0,JAVIER HERNÁNDEZ,MANCHESTER UNITED,28,10,2011
22.0,NIKICA JELAVIC,EVERTON,13,9,2011
22.0,DANNY WELBECK,MANCHESTER UNITED,30,9,2011
22.0,DARREN BENT,ASTON VILLA,22,9,2011
22.0,GARETH BALE,TOTTENHAM HOTSPUR,36,9,2011
22.0,STEVE MORISON,NORWICH CITY,34,9,2011
27.0,HEIDAR HELGUSON,QUEENS PARK RANGERS,16,8,2011
27.0,SCOTT SINCLAIR,SWANSEA CITY,38,8,2011
27.0,MATTHEW JARVIS,WOLVERHAMPTON WANDERERS,37,8,2011
27.0,THEO WALCOTT,ARSENAL,35,8,2011
27.0,SHANE LONG,WEST BROMWICH ALBION,32,8,2011
27.0,ANTHONY PILKINGTON,NORWICH CITY,30,8,2011
27.0,NICKLAS BENDTNER,SUNDERLAND,29,8,2011
27.0,NANI,MANCHESTER UNITED,29,8,2011
27.0,IVAN KLASNIC,BOLTON WANDERERS,29,8,2011
36.0,GYLFI SIGURDSSON,SWANSEA CITY,18,7,2011
36.0,BOBBY ZAMORA,QUEENS PARK RANGERS,29,7,2011
36.0,MIKEL ARTETA,ARSENAL,31,7,2011
36.0,JAMIE MACKIE,QUEENS PARK RANGERS,31,7,2011
36.0,STÉPHANE SESSEGNON,SUNDERLAND,36,7,2011
36.0,FRANCO DI SANTO,WIGAN ATHLETIC,32,7,2011
36.0,JUNIOR HOILETT,BLACKBURN ROVERS,34,7,2011
36.0,JONATHAN WALTERS,STOKE CITY,38,7,2011
36.0,DIMITAR BERBATOV,MANCHESTER UNITED,12,7,2011
36.0,SEBASTIAN LARSSON,SUNDERLAND,32,7,2011
46.0,JUAN MATA,CHELSEA,34,6,2011
46.0,YAYA TOURÉ,MANCHESTER CITY,32,6,2011
46.0,VICTOR MOSES,WIGAN ATHLETIC,38,6,2011
46.0,DAVID SILVA,MANCHESTER CITY,36,6,2011
46.0,FERNANDO TORRES,CHELSEA,32,6,2011
1.0,ROBIN VAN PERSIE,MANCHESTER UNITED,38,26,2012
2.0,LUIS SUÁREZ,LIVERPOOL,33,23,2012
3.0,GARETH BALE,TOTTENHAM HOTSPUR,34,21,2012
4.0,CHRISTIAN BENTEKE,ASTON VILLA,34,19,2012
5.0,MICHU,SWANSEA CITY,35,18,2012
6.0,ROMELU LUKAKU,WEST BROMWICH ALBION,35,17,2012
7.0,DIMITAR BERBATOV,FULHAM,33,15,2012
7.0,FRANK LAMPARD,CHELSEA,29,15,2012
7.0,RICKIE LAMBERT,SOUTHAMPTON,38,15,2012
7.0,DEMBA BA,CHELSEA,34,15,2012
11.0,EDIN DZEKO,MANCHESTER CITY,32,14,2012
11.0,THEO WALCOTT,ARSENAL,32,14,2012
13.0,SANTI CAZORLA,ARSENAL,38,12,2012
13.0,JUAN MATA,CHELSEA,35,12,2012
13.0,ADAM LE FONDRE,READING,34,12,2012
13.0,SERGIO AGÜERO,MANCHESTER CITY,30,12,2012
13.0,WAYNE ROONEY,MANCHESTER UNITED,27,12,2012
18.0,MAROUANE FELLAINI,EVERTON,31,11,2012
18.0,STEVEN FLETCHER,SUNDERLAND,28,11,2012
18.0,LUKAS PODOLSKI,ARSENAL,33,11,2012
18.0,DANIEL STURRIDGE,LIVERPOOL,21,11,2012
18.0,CARLOS TEVEZ,MANCHESTER CITY,34,11,2012
18.0,AROUNA KONÉ,WIGAN ATHLETIC,34,11,2012
18.0,OLIVIER GIROUD,ARSENAL,34,11,2012
18.0,JERMAIN DEFOE,TOTTENHAM HOTSPUR,34,11,2012
26.0,KEVIN NOLAN,WEST HAM UNITED,35,10,2012
26.0,JAVIER HERNÁNDEZ,MANCHESTER UNITED,22,10,2012
28.0,EDEN HAZARD,CHELSEA,34,9,2012
28.0,GABRIEL AGBONLAHOR,ASTON VILLA,28,9,2012
28.0,STEVEN GERRARD,LIVERPOOL,36,9,2012
31.0,JONATHAN WALTERS,STOKE CITY,38,8,2012
31.0,PAPISS CISSÉ,NEWCASTLE UNITED,36,8,2012
31.0,FERNANDO TORRES,CHELSEA,36,8,2012
31.0,SHANE LONG,WEST BROMWICH ALBION,34,8,2012
31.0,GRANT HOLT,NORWICH CITY,34,8,2012
36.0,CLINT DEMPSEY,TOTTENHAM HOTSPUR,29,7,2012
36.0,HAL ROBSON-KANU,READING,25,7,2012
36.0,ANDY CARROLL,WEST HAM UNITED,26,7,2012
36.0,ANDREAS WEIMANN,ASTON VILLA,30,7,2012
36.0,NIKICA JELAVIC,EVERTON,37,7,2012
36.0,PETER CROUCH,STOKE CITY,34,7,2012
36.0,STÉPHANE SESSEGNON,SUNDERLAND,35,7,2012
36.0,YAYA TOURÉ,MANCHESTER CITY,32,7,2012
44.0,CRAIG GARDNER,SUNDERLAND,33,6,2012
44.0,ROBERT SNODGRASS,NORWICH CITY,37,6,2012
44.0,SHAUN MALONEY,WIGAN ATHLETIC,36,6,2012
44.0,JAY RODRIGUEZ,SOUTHAMPTON,35,6,2012
44.0,STEVEN PIENAAR,EVERTON,35,6,2012
44.0,MIKEL ARTETA,ARSENAL,34,6,2012
44.0,JASON PUNCHEON,SOUTHAMPTON,32,6,2012
1.0,LUIS SUÁREZ,LIVERPOOL,33,31,2013
2.0,DANIEL STURRIDGE,LIVERPOOL,29,21,2013
3.0,YAYA TOURÉ,MANCHESTER CITY,35,20,2013
4.0,WAYNE ROONEY,MANCHESTER UNITED,29,17,2013
4.0,SERGIO AGÜERO,MANCHESTER CITY,23,17,2013
6.0,OLIVIER GIROUD,ARSENAL,36,16,2013
6.0,WILFRIED BONY,SWANSEA CITY,34,16,2013
6.0,EDIN DZEKO,MANCHESTER CITY,31,16,2013
9.0,ROMELU LUKAKU,EVERTON,33,15,2013
9.0,JAY RODRIGUEZ,BURNLEY,33,15,2013
11.0,EDEN HAZARD,CHELSEA,35,14,2013
11.0,LOÏC RÉMY,NEWCASTLE UNITED,26,14,2013
13.0,STEVEN GERRARD,LIVERPOOL,34,13,2013
13.0,RICKIE LAMBERT,SOUTHAMPTON,37,13,2013
15.0,ROBIN VAN PERSIE,MANCHESTER UNITED,21,12,2013
16.0,EMMANUEL ADEBAYOR,TOTTENHAM HOTSPUR,21,11,2013
17.0,CHRISTIAN BENTEKE,ASTON VILLA,26,10,2013
17.0,AARON RAMSEY,ARSENAL,23,10,2013
19.0,ADAM LALLANA,SOUTHAMPTON,38,9,2013
19.0,RAHEEM STERLING,LIVERPOOL,33,9,2013
19.0,ÁLVARO NEGREDO,MANCHESTER CITY,32,9,2013
19.0,DANNY WELBECK,MANCHESTER UNITED,25,9,2013
19.0,SAMUEL ETO'O,CHELSEA,21,9,2013
24.0,LUKAS PODOLSKI,ARSENAL,20,8,2013
24.0,ANDRÉ SCHÜRRLE,CHELSEA,30,8,2013
24.0,KEVIN MIRALLAS,EVERTON,32,8,2013
24.0,PETER CROUCH,STOKE CITY,34,8,2013
24.0,ADAM JOHNSON,SUNDERLAND,36,8,2013
24.0,OSCAR,CHELSEA,33,8,2013
30.0,DAVID SILVA,MANCHESTER CITY,27,7,2013
30.0,YOHAN CABAYE,NEWCASTLE UNITED,19,7,2013
30.0,DWIGHT GAYLE,CRYSTAL PALACE,23,7,2013
30.0,CHRISTIAN ERIKSEN,TOTTENHAM HOTSPUR,25,7,2013
30.0,SHANE LONG,HULL CITY,30,7,2013
30.0,CHARLIE ADAM,STOKE CITY,31,7,2013
30.0,FABIO BORINI,SUNDERLAND,32,7,2013
30.0,KEVIN NOLAN,WEST HAM UNITED,33,7,2013
30.0,JASON PUNCHEON,CRYSTAL PALACE,34,7,2013
30.0,SAMIR NASRI,MANCHESTER CITY,34,7,2013
30.0,JORDON MUTCH,CARDIFF CITY,35,7,2013
30.0,MARTIN SKRTEL,LIVERPOOL,36,7,2013
30.0,STEVE SIDWELL,FULHAM,38,7,2013
43.0,GARY HOOPER,NORWICH CITY,32,6,2013
43.0,JONJO SHELVEY,SWANSEA CITY,32,6,2013
43.0,ROSS BARKLEY,EVERTON,34,6,2013
43.0,ROBERT SNODGRASS,NORWICH CITY,30,6,2013
43.0,SEAMUS COLEMAN,EVERTON,36,6,2013
43.0,FRAIZER CAMPBELL,CARDIFF CITY,37,6,2013
43.0,YOAN GOUFFRAN,NEWCASTLE UNITED,35,6,2013
43.0,PAULINHO,TOTTENHAM HOTSPUR,30,6,2013
1.0,SERGIO AGÜERO,MANCHESTER CITY,33,26,2014
2.0,HARRY KANE,TOTTENHAM HOTSPUR,34,21,2014
3.0,DIEGO COSTA,CHELSEA,26,20,2014
4.0,CHARLIE AUSTIN,QUEENS PARK RANGERS,35,18,2014
5.0,ALEXIS SÁNCHEZ,ARSENAL,35,16,2014
6.0,SAIDO BERAHINO,WEST BROMWICH ALBION,38,14,2014
6.0,EDEN HAZARD,CHELSEA,38,14,2014
6.0,OLIVIER GIROUD,ARSENAL,27,14,2014
9.0,CHRISTIAN BENTEKE,ASTON VILLA,29,13,2014
10.0,GRAZIANO PELLÈ,SOUTHAMPTON,38,12,2014
10.0,WAYNE ROONEY,MANCHESTER UNITED,33,12,2014
10.0,DAVID SILVA,MANCHESTER CITY,32,12,2014
13.0,PAPISS CISSÉ,NEWCASTLE UNITED,22,11,2014
13.0,WILFRIED BONY,MANCHESTER CITY,30,11,2014
13.0,MAME BIRAM DIOUF,STOKE CITY,34,11,2014
13.0,LEONARDO ULLOA,LEICESTER CITY,37,11,2014
13.0,DANNY INGS,BURNLEY,35,11,2014
13.0,NACER CHADLI,TOTTENHAM HOTSPUR,35,11,2014
19.0,DIAFRA SAKHO,WEST HAM UNITED,23,10,2014
19.0,CHRISTIAN ERIKSEN,TOTTENHAM HOTSPUR,38,10,2014
19.0,ROMELU LUKAKU,EVERTON,36,10,2014
19.0,SADIO MANÉ,SOUTHAMPTON,30,10,2014
19.0,YAYA TOURÉ,MANCHESTER CITY,29,10,2014
19.0,ROBIN VAN PERSIE,MANCHESTER UNITED,27,10,2014
25.0,STEVEN GERRARD,LIVERPOOL,29,9,2014
25.0,JUAN MATA,MANCHESTER UNITED,33,9,2014
27.0,KI SUNG-YUENG,SWANSEA CITY,33,8,2014
27.0,PETER CROUCH,STOKE CITY,33,8,2014
27.0,JONATHAN WALTERS,STOKE CITY,32,8,2014
27.0,NIKICA JELAVIC,HULL CITY,27,8,2014
31.0,GLENN MURRAY,CRYSTAL PALACE,17,7,2014
31.0,CHARLIE ADAM,STOKE CITY,29,7,2014
31.0,KEVIN MIRALLAS,EVERTON,29,7,2014
31.0,BAFETIMBI GOMIS,SWANSEA CITY,31,7,2014
31.0,LOÏC RÉMY,CHELSEA,21,7,2014
31.0,RAHEEM STERLING,LIVERPOOL,35,7,2014
31.0,AYOZE PÉREZ,NEWCASTLE UNITED,36,7,2014
31.0,SANTI CAZORLA,ARSENAL,37,7,2014
31.0,GYLFI SIGURDSSON,SWANSEA CITY,32,7,2014
40.0,MAROUANE FELLAINI,MANCHESTER UNITED,27,6,2014
40.0,JORDAN HENDERSON,LIVERPOOL,37,6,2014
40.0,JASON PUNCHEON,CRYSTAL PALACE,37,6,2014
40.0,STEWART DOWNING,WEST HAM UNITED,37,6,2014
40.0,GABRIEL AGBONLAHOR,ASTON VILLA,35,6,2014
40.0,FRANK LAMPARD,MANCHESTER CITY,32,6,2014
40.0,STEVEN NAISMITH,EVERTON,31,6,2014
40.0,LEROY FER,QUEENS PARK RANGERS,29,6,2014
40.0,AARON RAMSEY,ARSENAL,29,6,2014
40.0,OSCAR,CHELSEA,28,6,2014
40.0,ANDER HERRERA,MANCHESTER UNITED,26,6,2014
1.0,HARRY KANE,TOTTENHAM HOTSPUR,38,25,2015
2.0,JAMIE VARDY,LEICESTER CITY,36,24,2015
2.0,SERGIO AGÜERO,MANCHESTER CITY,30,24,2015
4.0,ROMELU LUKAKU,EVERTON,37,18,2015
5.0,RIYAD MAHREZ,LEICESTER CITY,37,17,2015
6.0,OLIVIER GIROUD,ARSENAL,38,16,2015
7.0,ODION IGHALO,WATFORD,37,15,2015
7.0,JERMAIN DEFOE,SUNDERLAND,33,15,2015
9.0,TROY DEENEY,WATFORD,38,13,2015
9.0,ALEXIS SÁNCHEZ,ARSENAL,30,13,2015
11.0,DIEGO COSTA,CHELSEA,28,12,2015
11.0,ANDRÉ AYEW,SWANSEA CITY,34,12,2015
13.0,GEORGINIO WIJNALDUM,NEWCASTLE UNITED,38,11,2015
13.0,SADIO MANÉ,SOUTHAMPTON,37,11,2015
13.0,GYLFI SIGURDSSON,SWANSEA CITY,36,11,2015
13.0,MARKO ARNAUTOVIC,STOKE CITY,34,11,2015
13.0,ANTHONY MARTIAL,MANCHESTER UNITED,32,11,2015
13.0,GRAZIANO PELLÈ,SOUTHAMPTON,30,11,2015
19.0,DELE ALLI,TOTTENHAM HOTSPUR,33,10,2015
19.0,ROBERTO FIRMINO,LIVERPOOL,31,10,2015
19.0,SHANE LONG,SOUTHAMPTON,28,10,2015
22.0,ANDY CARROLL,WEST HAM UNITED,27,9,2015
22.0,DIMITRI PAYET,WEST HAM UNITED,30,9,2015
22.0,CHRISTIAN BENTEKE,LIVERPOOL,29,9,2015
22.0,ALEKSANDAR MITROVIC,NEWCASTLE UNITED,34,9,2015
22.0,SALOMÓN RONDÓN,WEST BROMWICH ALBION,34,9,2015
27.0,ROSS BARKLEY,EVERTON,38,8,2015
27.0,WAYNE ROONEY,MANCHESTER UNITED,28,8,2015
27.0,PHILIPPE COUTINHO,LIVERPOOL,26,8,2015
27.0,MICHAIL ANTONIO,WEST HAM UNITED,26,8,2015
27.0,KELECHI IHEANACHO,MANCHESTER CITY,26,8,2015
27.0,DANIEL STURRIDGE,LIVERPOOL,14,8,2015
33.0,DIEUMERCI MBOKANI,NORWICH CITY,29,7,2015
33.0,KEVIN DE BRUYNE,MANCHESTER CITY,25,7,2015
33.0,BOJAN KRKIC,STOKE CITY,27,7,2015
33.0,DUSAN TADIC,SOUTHAMPTON,34,7,2015
33.0,JORDAN AYEW,ASTON VILLA,30,7,2015
33.0,MARK NOBLE,WEST HAM UNITED,37,7,2015
33.0,PEDRO,CHELSEA,29,7,2015
40.0,JOSH KING,AFC BOURNEMOUTH,32,6,2015
40.0,RAHEEM STERLING,MANCHESTER CITY,31,6,2015
40.0,YAYA TOURÉ,MANCHESTER CITY,32,6,2015
40.0,BAFETIMBI GOMIS,SWANSEA CITY,33,6,2015
40.0,LEONARDO ULLOA,LEICESTER CITY,29,6,2015
40.0,MESUT ÖZIL,ARSENAL,35,6,2015
40.0,CHRISTIAN ERIKSEN,TOTTENHAM HOTSPUR,35,6,2015
40.0,NATHAN REDMOND,NORWICH CITY,35,6,2015
40.0,JUAN MATA,MANCHESTER UNITED,38,6,2015
40.0,AYOZE PÉREZ,NEWCASTLE UNITED,34,6,2015
40.0,MANUEL LANZINI,WEST HAM UNITED,26,6,2015
1.0,HARRY KANE,TOTTENHAM HOTSPUR,30,29,2016
2.0,ROMELU LUKAKU,EVERTON,37,25,2016
3.0,ALEXIS SÁNCHEZ,ARSENAL,38,24,2016
4.0,DIEGO COSTA,CHELSEA,35,20,2016
4.0,SERGIO AGÜERO,MANCHESTER CITY,31,20,2016
6.0,DELE ALLI,TOTTENHAM HOTSPUR,37,18,2016
7.0,ZLATAN IBRAHIMOVIC,MANCHESTER UNITED,28,17,2016
8.0,JOSH KING,AFC BOURNEMOUTH,36,16,2016
8.0,EDEN HAZARD,CHELSEA,36,16,2016
10.0,CHRISTIAN BENTEKE,CRYSTAL PALACE,36,15,2016
10.0,FERNANDO LLORENTE,SWANSEA CITY,33,15,2016
10.0,JERMAIN DEFOE,SUNDERLAND,37,15,2016
13.0,SON HEUNG-MIN,TOTTENHAM HOTSPUR,34,14,2016
14.0,JAMIE VARDY,LEICESTER CITY,35,13,2016
14.0,PHILIPPE COUTINHO,LIVERPOOL,31,13,2016
14.0,SADIO MANÉ,LIVERPOOL,27,13,2016
17.0,OLIVIER GIROUD,ARSENAL,29,12,2016
18.0,ROBERTO FIRMINO,LIVERPOOL,35,11,2016
19.0,TROY DEENEY,WATFORD,37,10,2016
19.0,SAM VOKES,BURNLEY,37,10,2016
19.0,THEO WALCOTT,ARSENAL,28,10,2016
22.0,MICHAIL ANTONIO,WEST HAM UNITED,29,9,2016
22.0,PEDRO,CHELSEA,35,9,2016
22.0,ANDRE GRAY,BURNLEY,32,9,2016
22.0,GYLFI SIGURDSSON,SWANSEA CITY,38,9,2016
22.0,ÁLVARO NEGREDO,MIDDLESBROUGH,36,9,2016
27.0,SALOMÓN RONDÓN,WEST BROMWICH ALBION,38,8,2016
27.0,CHRISTIAN ERIKSEN,TOTTENHAM HOTSPUR,36,8,2016
27.0,MANUEL LANZINI,WEST HAM UNITED,35,8,2016
27.0,WILLIAN,CHELSEA,34,8,2016
27.0,MESUT ÖZIL,ARSENAL,33,8,2016
27.0,ADAM LALLANA,LIVERPOOL,31,8,2016
33.0,WILFRIED ZAHA,CRYSTAL PALACE,35,7,2016
33.0,GABRIEL JESUS,MANCHESTER CITY,10,7,2016
33.0,ANDY CARROLL,WEST HAM UNITED,18,7,2016
33.0,JUNIOR STANISLAS,AFC BOURNEMOUTH,21,7,2016
33.0,ISLAM SLIMANI,LEICESTER CITY,23,7,2016
33.0,PETER CROUCH,STOKE CITY,27,7,2016
33.0,JAMES MILNER,LIVERPOOL,36,7,2016
33.0,DIVOCK ORIGI,LIVERPOOL,34,7,2016
33.0,ROBERT SNODGRASS,WEST HAM UNITED,35,7,2016
33.0,ÉTIENNE CAPOUE,WATFORD,37,7,2016
33.0,NATHAN REDMOND,SOUTHAMPTON,37,7,2016
33.0,RAHEEM STERLING,MANCHESTER CITY,33,7,2016
45.0,GEORGINIO WIJNALDUM,LIVERPOOL,36,6,2016
45.0,KEVIN DE BRUYNE,MANCHESTER CITY,36,6,2016
45.0,JOE ALLEN,STOKE CITY,36,6,2016
45.0,GARY CAHILL,CHELSEA,37,6,2016
45.0,RIYAD MAHREZ,LEICESTER CITY,36,6,2016
45.0,GARETH MCAULEY,WEST BROMWICH ALBION,36,6,2016
1.0,MOHAMED SALAH,LIVERPOOL,36,32,2017
2.0,HARRY KANE,TOTTENHAM HOTSPUR,37,30,2017
3.0,SERGIO AGÜERO,MANCHESTER CITY,25,21,2017
4.0,JAMIE VARDY,LEICESTER CITY,37,20,2017
5.0,RAHEEM STERLING,MANCHESTER CITY,33,18,2017
6.0,ROMELU LUKAKU,MANCHESTER UNITED,34,16,2017
7.0,ROBERTO FIRMINO,LIVERPOOL,37,15,2017
8.0,ALEXANDRE LACAZETTE,ARSENAL,32,14,2017
9.0,GABRIEL JESUS,MANCHESTER CITY,29,13,2017
10.0,GLENN MURRAY,BRIGHTON & HOVE ALBION,35,12,2017
10.0,EDEN HAZARD,CHELSEA,34,12,2017
10.0,SON HEUNG-MIN,TOTTENHAM HOTSPUR,37,12,2017
10.0,RIYAD MAHREZ,LEICESTER CITY,36,12,2017
14.0,ÁLVARO MORATA,CHELSEA,31,11,2017
14.0,MARKO ARNAUTOVIC,WEST HAM UNITED,31,11,2017
16.0,CHRISTIAN ERIKSEN,TOTTENHAM HOTSPUR,37,10,2017
16.0,LUKA MILIVOJEVIC,CRYSTAL PALACE,36,10,2017
16.0,LEROY SANÉ,MANCHESTER CITY,32,10,2017
16.0,WAYNE ROONEY,EVERTON,31,10,2017
16.0,SADIO MANÉ,LIVERPOOL,29,10,2017
16.0,CHRIS WOOD,BURNLEY,24,10,2017
16.0,PIERRE-EMERICK AUBAMEYANG,ARSENAL,13,10,2017
23.0,WILFRIED ZAHA,CRYSTAL PALACE,29,9,2017
23.0,DAVID SILVA,MANCHESTER CITY,29,9,2017
23.0,ANTHONY MARTIAL,MANCHESTER UNITED,30,9,2017
23.0,ALEXIS SÁNCHEZ,MANCHESTER UNITED,31,9,2017
23.0,ASHLEY BARNES,BURNLEY,36,9,2017
23.0,DELE ALLI,TOTTENHAM HOTSPUR,36,9,2017
29.0,KEVIN DE BRUYNE,MANCHESTER CITY,37,8,2017
29.0,AYOZE PÉREZ,NEWCASTLE UNITED,36,8,2017
29.0,XHERDAN SHAQIRI,STOKE CITY,36,8,2017
29.0,JESSE LINGARD,MANCHESTER UNITED,33,8,2017
29.0,JOSH KING,AFC BOURNEMOUTH,33,8,2017
29.0,JAVIER HERNÁNDEZ,WEST HAM UNITED,28,8,2017
29.0,CALLUM WILSON,AFC BOURNEMOUTH,28,8,2017
29.0,OUMAR NIASSE,EVERTON,22,8,2017
37.0,PHILIPPE COUTINHO,LIVERPOOL,14,7,2017
37.0,AARON RAMSEY,ARSENAL,24,7,2017
37.0,CHARLIE AUSTIN,SOUTHAMPTON,24,7,2017
37.0,STEVE MOUNIÉ,HUDDERSFIELD TOWN,28,7,2017
37.0,OLIVIER GIROUD,CHELSEA,29,7,2017
37.0,MARCOS ALONSO,CHELSEA,33,7,2017
37.0,ABDOULAYE DOUCOURÉ,WATFORD,37,7,2017
37.0,JORDAN AYEW,SWANSEA CITY,36,7,2017
37.0,SALOMÓN RONDÓN,WEST BROMWICH ALBION,36,7,2017
37.0,JAY RODRIGUEZ,WEST BROMWICH ALBION,37,7,2017
37.0,PASCAL GROSS,BRIGHTON & HOVE ALBION,38,7,2017
37.0,MARCUS RASHFORD,MANCHESTER UNITED,35,7,2017
49.0,WILLIAN,CHELSEA,36,6,2017
49.0,DUSAN TADIC,SOUTHAMPTON,36,6,2017
1.0,MOHAMED SALAH,LIVERPOOL,38,22,2018
1.0,SADIO MANÉ,LIVERPOOL,36,22,2018
1.0,PIERRE-EMERICK AUBAMEYANG,ARSENAL,36,22,2018
4.0,SERGIO AGÜERO,MANCHESTER CITY,33,21,2018
5.0,JAMIE VARDY,LEICESTER CITY,34,18,2018
6.0,RAHEEM STERLING,MANCHESTER CITY,34,17,2018
6.0,HARRY KANE,TOTTENHAM HOTSPUR,28,17,2018
8.0,EDEN HAZARD,CHELSEA,37,16,2018
9.0,CALLUM WILSON,AFC BOURNEMOUTH,30,14,2018
10.0,ALEXANDRE LACAZETTE,ARSENAL,35,13,2018
10.0,RICHARLISON,EVERTON,35,13,2018
10.0,PAUL POGBA,MANCHESTER UNITED,35,13,2018
10.0,GYLFI SIGURDSSON,EVERTON,38,13,2018
10.0,RAÚL JIMÉNEZ,WOLVERHAMPTON WANDERERS,38,13,2018
10.0,GLENN MURRAY,BRIGHTON & HOVE ALBION,38,13,2018
16.0,LUKA MILIVOJEVIC,CRYSTAL PALACE,38,12,2018
16.0,AYOZE PÉREZ,NEWCASTLE UNITED,37,12,2018
16.0,ASHLEY BARNES,BURNLEY,37,12,2018
16.0,JOSH KING,AFC BOURNEMOUTH,35,12,2018
16.0,ROBERTO FIRMINO,LIVERPOOL,34,12,2018
16.0,ROMELU LUKAKU,MANCHESTER UNITED,32,12,2018
16.0,SON HEUNG-MIN,TOTTENHAM HOTSPUR,31,12,2018
23.0,ALEKSANDAR MITROVIC,FULHAM,37,11,2018
23.0,SALOMÓN RONDÓN,NEWCASTLE UNITED,32,11,2018
25.0,GERARD DEULOFEU,WATFORD,30,10,2018
25.0,ANTHONY MARTIAL,MANCHESTER UNITED,27,10,2018
25.0,MARKO ARNAUTOVIC,WEST HAM UNITED,28,10,2018
25.0,LEROY SANÉ,MANCHESTER CITY,31,10,2018
25.0,CHRIS WOOD,BURNLEY,38,10,2018
25.0,MARCUS RASHFORD,MANCHESTER UNITED,33,10,2018
25.0,WILFRIED ZAHA,CRYSTAL PALACE,34,10,2018
25.0,LUCAS MOURA,TOTTENHAM HOTSPUR,32,10,2018
33.0,FELIPE ANDERSON,WEST HAM UNITED,36,9,2018
33.0,DIOGO JOTA,WOLVERHAMPTON WANDERERS,33,9,2018
33.0,TROY DEENEY,WATFORD,32,9,2018
36.0,CHRISTIAN ERIKSEN,TOTTENHAM HOTSPUR,35,8,2018
36.0,PEDRO,CHELSEA,31,8,2018
38.0,DANNY INGS,SOUTHAMPTON,24,7,2018
38.0,JAVIER HERNÁNDEZ,WEST HAM UNITED,25,7,2018
38.0,JAMES WARD-PROWSE,SOUTHAMPTON,26,7,2018
38.0,RIYAD MAHREZ,MANCHESTER CITY,27,7,2018
38.0,ANDRE GRAY,WATFORD,29,7,2018
38.0,JAMES MADDISON,LEICESTER CITY,36,7,2018
38.0,DAVID BROOKS,AFC BOURNEMOUTH,30,7,2018
38.0,BERNARDO SILVA,MANCHESTER CITY,36,7,2018
38.0,RYAN FRASER,AFC BOURNEMOUTH,38,7,2018
38.0,GABRIEL JESUS,MANCHESTER CITY,29,7,2018
48.0,ANDROS TOWNSEND,CRYSTAL PALACE,38,6,2018
48.0,NATHAN REDMOND,SOUTHAMPTON,38,6,2018
48.0,DOMINIC CALVERT-LEWIN,EVERTON,35,6,2018
1.0,JAMIE VARDY,LEICESTER CITY,35,23,2019
2.0,DANNY INGS,SOUTHAMPTON,38,22,2019
2.0,PIERRE-EMERICK AUBAMEYANG,ARSENAL,36,22,2019
4.0,RAHEEM STERLING,MANCHESTER CITY,33,20,2019
5.0,MOHAMED SALAH,LIVERPOOL,34,19,2019
6.0,SADIO MANÉ,LIVERPOOL,35,18,2019
6.0,HARRY KANE,TOTTENHAM HOTSPUR,29,18,2019
8.0,RAÚL JIMÉNEZ,WOLVERHAMPTON WANDERERS,38,17,2019
8.0,ANTHONY MARTIAL,MANCHESTER UNITED,32,17,2019
8.0,MARCUS RASHFORD,MANCHESTER UNITED,31,17,2019
11.0,SERGIO AGÜERO,MANCHESTER CITY,24,16,2019
12.0,TAMMY ABRAHAM,CHELSEA,34,15,2019
13.0,GABRIEL JESUS,MANCHESTER CITY,34,14,2019
13.0,CHRIS WOOD,BURNLEY,32,14,2019
15.0,DOMINIC CALVERT-LEWIN,EVERTON,36,13,2019
15.0,RICHARLISON,EVERTON,36,13,2019
15.0,KEVIN DE BRUYNE,MANCHESTER CITY,35,13,2019
18.0,TEEMU PUKKI,NORWICH CITY,36,11,2019
18.0,RIYAD MAHREZ,MANCHESTER CITY,33,11,2019
18.0,SON HEUNG-MIN,TOTTENHAM HOTSPUR,30,11,2019
21.0,TROY DEENEY,WATFORD,27,10,2019
21.0,ALEXANDRE LACAZETTE,ARSENAL,30,10,2019
21.0,MICHAIL ANTONIO,WEST HAM UNITED,24,10,2019
21.0,NEAL MAUPAY,BRIGHTON & HOVE ALBION,37,10,2019
21.0,MASON GREENWOOD,MANCHESTER UNITED,31,10,2019
26.0,ROBERTO FIRMINO,LIVERPOOL,38,9,2019
26.0,JORDAN AYEW,CRYSTAL PALACE,37,9,2019
26.0,WILLIAN,CHELSEA,36,9,2019
26.0,CHRISTIAN PULISIC,CHELSEA,25,9,2019
30.0,JACK GREALISH,ASTON VILLA,36,8,2019
30.0,JAY RODRIGUEZ,BURNLEY,36,8,2019
30.0,CALLUM WILSON,AFC BOURNEMOUTH,35,8,2019
30.0,AYOZE PÉREZ,LEICESTER CITY,33,8,2019
30.0,DELE ALLI,TOTTENHAM HOTSPUR,25,8,2019
30.0,OLIVIER GIROUD,CHELSEA,18,8,2019
30.0,BRUNO FERNANDES,MANCHESTER UNITED,14,8,2019
37.0,HARRY WILSON,LIVERPOOL,31,7,2019
37.0,SÉBASTIEN HALLER,WEST HAM UNITED,32,7,2019
37.0,MASON MOUNT,CHELSEA,37,7,2019
37.0,DIOGO JOTA,WOLVERHAMPTON WANDERERS,34,7,2019
41.0,JOSH KING,AFC BOURNEMOUTH,26,6,2019
41.0,TODD CANTWELL,NORWICH CITY,37,6,2019
41.0,HARVEY BARNES,LEICESTER CITY,36,6,2019
41.0,OLIVER MCBURNIE,SHEFFIELD UNITED,36,6,2019
41.0,BERNARDO SILVA,MANCHESTER CITY,34,6,2019
41.0,TRÉZÉGUET,ASTON VILLA,34,6,2019
41.0,JAMES MADDISON,LEICESTER CITY,31,6,2019
41.0,LYS MOUSSET,SHEFFIELD UNITED,30,6,2019
41.0,DAVID SILVA,MANCHESTER CITY,27,6,2019
41.0,JONJO SHELVEY,NEWCASTLE UNITED,26,6,2019
1.0,HARRY KANE,TOTTENHAM HOTSPUR,35,23,2020
2.0,MOHAMED SALAH,LIVERPOOL,37,22,2020
3.0,BRUNO FERNANDES,MANCHESTER UNITED,37,18,2020
4.0,PATRICK BAMFORD,LEEDS UNITED,38,17,2020
4.0,SON HEUNG-MIN,TOTTENHAM HOTSPUR,37,17,2020
6.0,DOMINIC CALVERT-LEWIN,EVERTON,33,16,2020
7.0,JAMIE VARDY,LEICESTER CITY,34,15,2020
8.0,OLLIE WATKINS,ASTON VILLA,37,14,2020
9.0,ALEXANDRE LACAZETTE,ARSENAL,31,13,2020
9.0,ILKAY GÜNDOGAN,MANCHESTER CITY,28,13,2020
11.0,KELECHI IHEANACHO,LEICESTER CITY,25,12,2020
11.0,CALLUM WILSON,NEWCASTLE UNITED,26,12,2020
11.0,CHRIS WOOD,BURNLEY,33,12,2020
11.0,DANNY INGS,SOUTHAMPTON,29,12,2020
15.0,MARCUS RASHFORD,MANCHESTER UNITED,37,11,2020
15.0,SADIO MANÉ,LIVERPOOL,35,11,2020
15.0,MATHEUS PEREIRA,WEST BROMWICH ALBION,33,11,2020
15.0,WILFRIED ZAHA,CRYSTAL PALACE,30,11,2020
15.0,GARETH BALE,TOTTENHAM HOTSPUR,20,11,2020
20.0,MICHAIL ANTONIO,WEST HAM UNITED,26,10,2020
20.0,EDINSON CAVANI,MANCHESTER UNITED,26,10,2020
20.0,PIERRE-EMERICK AUBAMEYANG,ARSENAL,29,10,2020
20.0,ANWAR EL GHAZI,ASTON VILLA,28,10,2020
20.0,CHRISTIAN BENTEKE,CRYSTAL PALACE,30,10,2020
20.0,RAHEEM STERLING,MANCHESTER CITY,31,10,2020
20.0,TOMÁS SOUCEK,WEST HAM UNITED,38,10,2020
20.0,NICOLAS PÉPÉ,ARSENAL,29,10,2020
28.0,CHÉ ADAMS,SOUTHAMPTON,36,9,2020
28.0,ROBERTO FIRMINO,LIVERPOOL,36,9,2020
28.0,GABRIEL JESUS,MANCHESTER CITY,29,9,2020
28.0,PHIL FODEN,MANCHESTER CITY,28,9,2020
28.0,RIYAD MAHREZ,MANCHESTER CITY,27,9,2020
28.0,HARVEY BARNES,LEICESTER CITY,25,9,2020
28.0,DIOGO JOTA,LIVERPOOL,19,9,2020
28.0,JESSE LINGARD,WEST HAM UNITED,16,9,2020
36.0,JOE WILLOCK,NEWCASTLE UNITED,21,8,2020
36.0,JAMES MADDISON,LEICESTER CITY,31,8,2020
36.0,NEAL MAUPAY,BRIGHTON & HOVE ALBION,33,8,2020
36.0,DAVID MCGOLDRICK,SHEFFIELD UNITED,35,8,2020
36.0,JAMES WARD-PROWSE,SOUTHAMPTON,38,8,2020
36.0,STUART DALLAS,LEEDS UNITED,38,8,2020
36.0,JARROD BOWEN,WEST HAM UNITED,38,8,2020
36.0,JACK HARRISON,LEEDS UNITED,36,8,2020
44.0,FERRAN TORRES,MANCHESTER CITY,24,7,2020
44.0,BERTRAND TRAORÉ,ASTON VILLA,36,7,2020
44.0,RICHARLISON,EVERTON,34,7,2020
44.0,MASON GREENWOOD,MANCHESTER UNITED,31,7,2020
44.0,JORGINHO,CHELSEA,28,7,2020
44.0,RODRIGO,LEEDS UNITED,26,7,2020
50.0,YOURI TIELEMANS,LEICESTER CITY,38,6,2020
1.0,MOHAMED SALAH,LIVERPOOL,11,10,2021
2.0,SADIO MANÉ,LIVERPOOL,11,6,2021
2.0,MICHAIL ANTONIO,WEST HAM UNITED,10,6,2021
4.0,RAPHINHA,LEEDS UNITED,10,5,2021
5.0,CRISTIANO RONALDO,MANCHESTER UNITED,8,4,2021
5.0,ROBERTO FIRMINO,LIVERPOOL,8,4,2021
5.0,REECE JAMES,CHELSEA,8,4,2021
5.0,HWANG HEE-CHAN,WOLVERHAMPTON WANDERERS,8,4,2021
5.0,PIERRE-EMERICK AUBAMEYANG,ARSENAL,10,4,2021
5.0,SON HEUNG-MIN,TOTTENHAM HOTSPUR,10,4,2021
5.0,NEAL MAUPAY,BRIGHTON & HOVE ALBION,10,4,2021
5.0,WILFRIED ZAHA,CRYSTAL PALACE,10,4,2021
5.0,CONOR GALLAGHER,CRYSTAL PALACE,10,4,2021
5.0,MASON GREENWOOD,MANCHESTER UNITED,10,4,2021
5.0,BRUNO FERNANDES,MANCHESTER UNITED,11,4,2021
5.0,PABLO FORNALS,WEST HAM UNITED,11,4,2021
5.0,ISMAÏLA SARR,WATFORD,11,4,2021
5.0,EMILE SMITH ROWE,ARSENAL,11,4,2021
5.0,DIOGO JOTA,LIVERPOOL,10,4,2021
20.0,JOSH KING,WATFORD,9,3,2021
20.0,DOMINIC CALVERT-LEWIN,EVERTON,3,3,2021
20.0,BEN CHILWELL,CHELSEA,5,3,2021
20.0,ROMELU LUKAKU,CHELSEA,7,3,2021
20.0,PHIL FODEN,MANCHESTER CITY,7,3,2021
20.0,ODSONNE ÉDOUARD,CRYSTAL PALACE,8,3,2021
20.0,MASON MOUNT,CHELSEA,8,3,2021
20.0,DANNY INGS,ASTON VILLA,9,3,2021
20.0,LEANDRO TROSSARD,BRIGHTON & HOVE ALBION,11,3,2021
20.0,EMMANUEL DENNIS,WATFORD,10,3,2021
20.0,TEEMU PUKKI,NORWICH CITY,11,3,2021
20.0,ANDROS TOWNSEND,EVERTON,11,3,2021
20.0,YOURI TIELEMANS,LEICESTER CITY,11,3,2021
20.0,DEMARAI GRAY,EVERTON,11,3,2021
20.0,SAÏD BENRAHMA,WEST HAM UNITED,11,3,2021
20.0,BERNARDO SILVA,MANCHESTER CITY,10,3,2021
36.0,GABRIEL JESUS,MANCHESTER CITY,10,2,2021
36.0,KAI HAVERTZ,CHELSEA,10,2,2021
36.0,BRYAN MBEUMO,BRENTFORD,10,2,2021
36.0,CHRISTIAN BENTEKE,CRYSTAL PALACE,11,2,2021
36.0,ALLAN SAINT-MAXIMIN,NEWCASTLE UNITED,11,2,2021
36.0,RAÚL JIMÉNEZ,WOLVERHAMPTON WANDERERS,11,2,2021
36.0,IVAN TONEY,BRENTFORD,11,2,2021
36.0,JARROD BOWEN,WEST HAM UNITED,11,2,2021
36.0,JOHN MCGINN,ASTON VILLA,10,2,2021
36.0,CHRIS WOOD,BURNLEY,11,2,2021
36.0,RODRIGO,LEEDS UNITED,10,2,2021
